UniqueCount	AmbigCount
317	1
314	1
9374	44
543	6184
417	1
84	0
116	1
101	0
160	0
2298	14
327	1
241	0
100	0
952	2
156	0
3	0
548	4
102	1
841	5
187	0
1665	6
215	1
1055	2
294	2
91	2
43	1
772	7
90	1
206	1
107	0
99	1
72	0
3008	10
585	3
100	0
42215	176
156	0
637	3
482	2
1000	1
481	2
1808	10
95	0
80	0
147	0
232	0
228	0
584	1
49	0
57	0
207	0
157	0
492	1
427	1
41	0
11	0
24	30
1	0
0	0
624	5
243	0
330	0
115	0
1	2337
0	0
671	1
4172	14
216	3
91	0
9	1
29	0
104	1
208	1
44	0
21	0
6	52
28	0
832	1
88	29
1	7
1751	6
31	655
385	2
1942	3
1953	12
994	2
210	0
223	1
566	1
176	1
286	2
128	0
488	2
21	1
313	2
239	1
1566	6
1186	6
63	0
85	0
431	0
58	1
485	3
285	1
1319	8
83	0
204	0
9771	600
493	2
544	1
667	3
113	2
526	1
411	1
174	0
199	0
608	0
215	0
198	0
1587	4
357	0
582	2
1203	5
69	0
8	0
687	1
152	0
797	5
11	0
463	4
1048	4
320	0
726	3
325	1
1120	10
322	1
460	1
42	0
177	3
598	6
92	0
131	0
204	0
283	2
370	1
194	1
3620	11450
37	1
170	2
4757	22
58	0
556	1
60	0
383	1
297	1
219	2
427	3
74	0
2990	663
213	1
100	0
187	2
729	7
8495	48
508	1
78	0
59	0
532	1
1526	5
181	2
217	2
263	1
265	3
461	2
187	2
221	1
96	0
426	3
170	1
213	0
92	0
88	0
339	1
276	0
1641	224
3054	38
5471	14
18	0
245	1
894	4
195	0
866	1
18	0
9	2
0	53
561	3
72	0
633	1
175	0
5700	32
105	0
425	2
656	1
354	1
2222	14504
27	0
1735	12
561	0
748	3
104	0
408	0
762	4
18	0
408	1
220	1
408	1
214	1
95	1
145	0
70	0
4391	334
625	0
15	0
229	0
85	0
422	3
445	1
102	1
403	3
380	5
253	3
437	2
481	3
107	3
266	1
256	1
395	2
7898	27
616	1
49	0
104	0
153	0
58	0
346	3
556	2
15	0
199	0
6294	17
3349	7
690	4
325	0
1926	6
1242	2
1408	6
1333	3
801	2
345	1
394	0
80	56
72	0
16843	510
336	523
281	2
267	1
191	2
98	0
76	0
577	1
265	2
293	0
652	5
609	0
2043	9
55	0
90	0
815	6
259	1
386	1
1105	6
214	0
2122	12
53	3
2	117274
131	0
87	0
3464	12
296	1
164	0
216	1
374	0
4909	12
18	0
220	1
412	0
157	0
17	0
389	1
227	1
72	0
54	0
104	1
150	0
257	0
141	0
856	4
3473	11
488	2
450	1
92	0
59	0
406	1
177	2
680	1
74	0
203	1
1410	13
547	3
168	1
34	0
635	4
817	3
301	2
216	5
2908	8
241	1
364	1
162	1
353	1
103	0
77	0
91	0
226	0
686	2
1152	1
383	2
117	0
163	0
225	2
268	0
5	0
4166	11695
129	1
58	0
13	0
112	0
2	0
920	7
59	0
10378	149
6557	39
299	0
103	0
38	0
232	2
8084	31
54	0
499	1
507	1
534	0
85	0
943	4
304	1
107	0
571	2
280	1
588	2
157	1
113	0
246	0
27	0
169	1
237	2
233	0
61	0
1770	122
1	30
328	31
1927	8
553	2
86	0
139	1
263	1
107	0
230	1
21	1
119	0
131	1
692	0
167	0
238	0
273	1
1460	7
197	0
1698	8
78	0
328	1
195	1
65	0
400	1
252	1
1038	4
1278	2
3694	18
27	1
173	0
216	1
122	0
119	1
119	1
362	2
134	1
37	0
128	1
187	1
295	1
117	0
911	5
142	1
529	1
873	6
143	1
55	0
172	0
222	0
129	2
250	0
112	0
221	0
384	1
177	1
699	4
57	1
328	1
132	0
1668	5
45	0
14	0
3464	17
294	0
243	0
187	1
302	1
1548	7
197	0
9	0
114	1
8	0
69	7
157	0
2	18
3	17
205	1012
336	2
161	3
114	1
173	0
144	0
1240	4
264	0
1235	2
263	0
117	1
540	5
2019	4
1	31338
0	3681
185	2
3147	12
353	1
578	2
245	2
2924	21
773	4
166	0
49	0
257	3
306	0
172	1
71	1
160	0
171	0
306	4
16	4
2195	7
89	0
776	3
120	0
8	0
366	3
1595	6
194	2
243	1
1346	4
393	0
114	0
512	3
13	4
1063	4
193	0
253	0
14	0
243	15
417	231
0	16
6	25
87	108
52	0
576	3
160	0
193	0
2088	12
46	0
507	5
616	3
2	0
310	1
36450	169
158	0
102	1
757	5
995	9
8	0
134	0
10883	46
45	0
17	1
232	2
124	0
890	59
414	2
157	0
232	0
334	2
6660	149
159	1
648	3
1051	3
584	3
194	0
577	5
38	25
426	1
171	1
406	3
8	0
191	1
566	5
670	6
0	1
522	3
475	0
2821	16
117	3
1369	7
276	2
101	0
21	1
36	0
169	0
95	0
415	2
107	0
548	1
145	0
658	2
209	3
63	0
68	0
925	4
147	0
127	0
43	0
1393	6
75	0
634	4
259	1
213	1
79	0
191	2
822	6
212	1
295	1
0	230
0	0
30	0
39	4
61	4
29	0
4057	244
56	20
4697	33
396	0
1794	157
114	1
899	3
931	5
411	2
108	1
106	0
293	3
647	2
9186	31
58	0
58	0
619	1
646	5
181	1
191	2
203	0
63	1
205	1
715	6
369	0
180	0
216	2
301	0
2235	15
2490	16
1279	6
46	0
1287	1
540	3
540	149
3998	168
0	0
981	2
1071	3
137	1
10	0
3309	8
43	0
945	8
368	2
308	1
1931	8
1740	11
116	0
17	14
289	1
1270	5
146	0
367	0
4798	73
981	3
265	1
23	0
723	1
755	1
256	2
109	1
1007	5
89	0
304	1
219	1
29	0
1	1
0	38
4224	13
251	0
652	4
0	30
0	17
609	2
1112	2
672	3
320	1
316	0
1794	8
95	2
421	2
1521	8
133	0
8029	38
604	2
231	1
553	4
90	1
359	0
451	2
61	0
324	2
345	0
937	2
256	2
603	3
170	2
2245	6
375	0
300	2
111	0
263	1
184	0
618	2
244	1
55	0
58	2
104	0
3334	18
7	0
94	0
36	0
201	0
165	1
95	4
5886	34
1777	14
741	4
64	0
226	0
456	2
1252	7
162	1
99	0
1220	5
150	2
26	0
2565	9
3684	63
428	4
39	0
243	2
12	2
467	2
122	2
573	4
341	2
157	0
24	6
69	0
427	2
517	2
1195	4
126	0
583	0
755	0
4222	2820
429	2
84	0
229	0
323	0
73	0
498	1
4362	34
796	4
510	3
7	0
1828	8
102	0
813	1
796	2
809	3
10749	52
112	0
188	0
501	1
144	0
16	0
69	0
454	2
439	2
72	0
2850	11443
267	4
48	0
596	3
14	0
310	2
2389	9
155	0
458	2
366	3
462	1
143	1
88	0
5355	675
372	3
38	0
932	3
4	0
1279	9
370	4
30	1
1114	7
1123	8
613	3
80	1
732	5
221	0
6028	15
187	0
1638	6
359	2
1133	6
100	0
0	1895
65	2
165	0
355	4
52	1
134	1
132	1
2930	11
159	0
135	1
1003	6
265	3
153	0
791	2
111	1
23	0
287	2
935	5
1193	6
297	0
445	0
734	0
0	195
364	0
117	0
93	0
651	1
7460	36
368	2
380	0
342	0
343	0
43	0
426	0
391	6
151	0
210	1
81	1
466	2
4255	25
2180	6
12	0
210	0
136	0
121	2
46	0
6	0
43	0
28	0
2	45
0	2840
1506	2656
325	0
598	2
453	1
27	0
1055	2
14	0
113	0
56	0
1442	5
3	0
169	0
107	1
11121	42
44	0
233	1
12	0
134	0
442	1
97	0
6	0
328	0
6	0
343	1
169	1
1063	7
373	1
583	1
142	3
138	1
331	3
4808	600
2087	7
187	2
144	0
165	0
634	2
292	0
10	0
6	0
0	0
0	26
0	0
0	0
1	264
33	1496
163	0
64	0
568	4
256	2
1391	8
291	0
12079	56
183	0
710	2
5487	33
54	0
245	0
413	1
4	0
30	0
75	0
145	1
541	4
2753	15
2515	8
3351	15
40	0
236	2
380	1
979	3
1135	4
1205	6
299	1
119	1
321	0
385	0
1254	4
9	0
64	0
45	0
241	2
1311	6
108	0
1539	4
260	1
159	2
1928	6
29	8
89	8
591	4
714	1
231	1
122	2
2559	19
281	0
238	8
3237	18
5274	11033
0	85
267	87
125	0
221	1
140	0
152	0
108	1
277	2
401	3
3842	13
809	4
790	15
55	0
2003	7
566	2
421	2
767	1
1092	2
725	4
476	1
88	0
150	0
982	4
190	2
364	4
89	0
451	1
448	3
208	2
1078	6
358	4
198	1
59	1
595	0
2367	13
168	2
219	1
531	9
2921	12
10	0
205	0
778	5
468	2
98	0
65	0
314	1
350	2
254	1
35	0
137	1
737	7
792	4
75	0
162	0
264	1
674	4
259	1
267	1
256	2
39	0
343	1
121	1
272	0
183	1
392	0
116	3
228	1
20	0
7	0
157	1
625	6
79	0
318	2
554	3
529	2
145	0
685	4
8	0
5142	24
44	1
5	0
2	0
4972	1279
469	6
425	0
52	0
259	0
721	2
187	0
375	3
355	2
181	1
176	0
253	1
10	0
283	0
325	0
88	1
13	0
355	2
73	1
3	0
321	0
2762	15
472	0
120	0
399	1
100	0
122	0
62	0
492	1
1333	6
47	0
82	0
65179	4926
206	1
95	2
27	0
86	0
11487	45
202	2
143	0
3816	15
41	0
1	0
228	3
192	1
360	1
22	0
1091	4
46	1
203	0
3607	12
103	0
184	1
1321	5
670	3
88	2
303	2
400	0
644	2
18	0
8161	5557
330	1
854	0
588	2
319	0
3012	13
35	0
11	0
147	20
89	2
0	737
55	624
18778	525
0	709
2	1608
146	0
218	1
217	1
122	0
282	1
46	1
53	0
246	2
1195	0
149	1
3312	7
402	0
264	0
5	0
185	0
87	0
10189	3142
417	1
181	1
561	3
865	3
209	1
57	1
269	1
231	2
22	0
627	0
248	4
574	3
445	1
761	4
226	2
12	0
571	2
441	1
108	0
646	3
76	0
1349	7
327	1
240	1
515	0
1061	3
436	0
70	0
100	0
447	0
3471	48
7803	39
51	0
465	1
6	0
27	42
97	0
349	1
288	0
281	0
112	2
321	0
164	2
327	2
2042	2812
241	1
88	0
13	0
4	0
1473	9
1132	5
540	5
118	1
3979	14
489	2
615	1
105	0
541	1
87	1
375	1
33	1
404	2
815	5
168	0
185	0
8535	43
189	1
252	0
45	0
79	0
8	0
8	0
2	0
237	0
249	2
250	1
242	0
183	2
521	4
1255	4
343	2
87	0
425	2
28	0
364	1
654	3
1456	3
169	0
595	6
310	0
93	0
58	0
153	0
1195	10
194	2
562	4
953	5
588	1
348	1
219	1
494	3
199	0
32	0
4827	58
49	0
459	4
73	0
479	1
372	1
179	0
220	0
1543	5
460	2
240	0
439	1
229	1
268	1
6041	49
695	4
78	0
394	3
42	0
152	0
183	0
30	0
140	0
150	0
220	0
120	3
1	0
203	0
192	0
46	1
34	1
125	0
2592	123
8	23
0	331
3	16
0	1353
336	6
216	1
304	2
378	0
48	0
898	3
181	2
210	2
52	0
284	2
435	3
1065	3
1	0
32	0
113	0
172	0
100	1
137	2
4590	6
165	1
304	0
355	0
56	0
63	1
469	2
70	0
17	0
64	0
29	0
176	0
19	0
1066	0
1306	8
108	1
114	0
338	1
82	0
10	4
0	0
0	0
658	4
283	2
143	1
542	0
223	3
3829	2664
282	1
857	4
2053	10
525	1
86	1
256	0
465	3
648	1
233	1
456	2
143	0
144	0
317	0
494	2
660	0
204	0
117	1
655	12
310	1
11	0
473	3
521	1
3709	7
830	3
161	0
159	0
693	2
3	0
171	0
537	5
261	1
220	2
170	1
2434	15
171	2
502	1
239	1
204	0
128	0
73	0
144	0
225	4
1620	9
7	0
6582	18
528	1
257	1
197	1
70114	347
68	0
268	0
278	3
698	3
311	2
271	1
988	2
93	0
7	0
25	0
213	1
342	2
279	0
264	5
590	5
336	1
263	2
1964	4
7566	37
1031	5
75	0
766	1
4	0
151	2
298	2
114	0
107	0
65	1
141	0
5	0
401	2
120	1
1303	6
142	0
444	0
460	0
349	0
193	0
1208	11
289	1
370	1
6	0
95	0
840	3
828	2
706	1
295	0
169	3
308	0
705	0
166	0
978	2
110	0
484	1
110	0
504	0
631	4
412	1
291	2
143	0
174	0
45	0
30	0
102	0
518	3
85	0
135	2
300	6
362	1
328	3
259	2
675	2
228	4
982	11
271	2
339	1
159	2
222	2
96	1
42518	178
338	2
241	4
2509	20
664	2
45	0
281	0
71	0
31	0
34	50
2700	64
463	1
415	0
120	0
122	0
208	0
108	0
2016	8
284	0
236	3
2597	11
692	0
2168	7
401	3
6472	47
2418	6
3275	11
205	4
420	3
716	3
336	1
86	0
46	0
194	0
342	1
538	1
405	8
214	0
118	0
447	1
393	0
91	2
275	0
983	2
193	0
401	1
526	3
201	0
446	2
63	0
60	2
1245	4
682	1
1698	5
397	2
210	1
156	0
946	1
50	0
54	0
302	0
29	1
6	0
123	0
0	0
1029	3
283	1
154	1
56	1
26	1
288	1
228	0
439	1
74	1
225	0
77	1
524	5
449	2
41	0
432	3
105	1
393	0
119	0
111	0
350	4
177	1
192	2
560	2
313	1
490	2
254	1
750	3
222	3
146	0
140	1
17	0
219	0
99	1
567	2
449	2
13	0
12131	44
1006	3
114	0
66	1
343	3
1386	6
44	0
118	0
122	1
106	1
94	1
138	1
88	0
612	4
2293	13
135	0
910	13117
290	2
124	1
227	1
298	1
259	0
263	1
368	0
135	0
331	1
282	2
146	0
1007	0
473	1
295	1
333	2
82	0
135	0
142	1
723	3
2317	8
1159	3
606	2
54	0
396	0
131	1
265	1
89	1
199	2
320	0
228	1
93	0
1444	3
257	0
4915	69
436	2
270	0
55	0
50	0
437	1
308	1
140	1
386	5
88	2
35	1
9	25
0	107
0	0
0	4
0	0
0	675
0	44
0	96
130	642
0	5
0	433
326	1026
116	14483
0	0
0	0
0	0
0	0
92	0
698	6
360	1
499	2
554	0
127	0
2419	6
118	1
137	1
227	0
2	0
7407	23
1306	4
1524	11
501	1
258	1
223	0
207	0
765	2
15	0
100	0
291	1
82	1
33	0
257	2
381	1
349	0
1728	6
188	1
39	1
854	1
183	0
273	1
85	0
454	3
10	1
3	0
409	3
378	7
170	2
504	2
579	4
759	3
79	0
520	1
326	0
811	4
728	5
118	2
674	1
281	0
552	1
79	0
51	0
1292	5
602	5
176	0
4	0
348	0
220	0
124	2
538	1
16	0
342	1
176	2
112	0
112	0
28	0
213	0
3	0
34	0
446	1
126	0
1122	10
320	2
86	2
329	3
393	2
1	0
39	0
1236	1
304	1
235	0
691	3
200	1
53	0
79	0
724	2
64	0
93	0
706	1
256	0
29	0
607	2
843	6
580	2
417	2
264	0
7	0
4	0
0	0
1935	2
0	0
1403	4
124	0
563	3
6308	3130
439	1
243	0
770	4
102	0
95	1
3649	42
0	1
0	0
42	21
4	737
0	23
0	145
0	3067
115	23816
0	778
0	153
6	1139
0	0
0	129
6889	577
260	56
214	1
204	0
399	1
222	0
339	2
364	0
152	0
1009	2
93	0
156	0
103	0
222	2
5267	16
1004	6
84	1
62	0
411	0
721	2
270	1
731	3
47	1
381	0
126	3
289	0
803	1
184	1
1259	5
56	1
412	2
293	0
814	5
1519	8
974	5
230	2
185	1
119	1
151	1
462	2
633	1
197	1
84	1
1318	6
680	2
351	0
135	1
5404	25
356	2
31	1
367	3
50	0
1145	6
2680	7
767	1
246	0
245	1
529	1
234	0
46	0
1399	6
272	1
375	4
734	0
5822	29
172	1
154	0
432	3
19	0
876	7
4875	22
4496	119
6077	24
2403	7
9	0
377	0
62	0
461	1
123	2
161	1
186	1
353	0
334	1
1089	4
814	3
64	0
474	4
710	6
130	0
198	2
304	1
67	0
62	0
202	1
95	0
130	0
82	0
90	0
476	1
600	3
95	0
8	0
208	1
456	3
297	0
64	0
128	0
310	1
1000	7
96	0
444	0
897	6
2290	12
127	2
381	0
142	0
4257	16
1921	1075
601	1
194	2
622	90
426	818
233	2
1356	7957
917	8
220	0
81	0
1301	8
207	0
102	1
1464	5
123	0
1804	7
115	0
875	9
981	3
49	0
676	2
1180	1
75	1
339	1
121	0
207	0
159	1
186	0
275	0
236	2
218	0
274	0
856	2
559	2
8	0
357	3
2167	10
367	2
236	3
104	0
202	0
92	0
597	6
193	0
150	1
13	0
1629	1079
73	0
1352	817
5040	13
4	0
333	88
421	3
346	1
705	7953
2509	14
176	1
117	0
975	3
108	0
417	2
41	0
47	0
627	5
212	1
297	2
42	1
403	2
142	0
336	0
2042	3
142	1
23	0
71	0
950	1
854	4
55	0
883	6
59	0
164	0
4	0
129	1
105	0
27	0
120	1
480	4
467	2
420	2
346	1
12066	10804
174	0
757	8
81	0
102	0
225	1
402	0
573	3
269	3
9	0
37	1
404	2
72	0
997	196
6260	17236
0	1
0	20
0	5
66	400
303	0
2192	7
110	0
207	2
366	4
598	0
237	1
45	0
1454	2
3251	14505
135	1
69	0
57	0
551	2
17	1
1526	7
162	0
286	3
42	0
3345	14
6224	341
397	2
290	2
582	3
67	0
40	0
395	0
2821	16
900	4
833	4
229	1
6566	25
32	240
0	248
5	232
231	0
12	0
518	1
5954	32
221	0
465	2
804	3
339	0
22672	130
226	2
459	1
830	4
844	4
471	3
198	1
162	0
47	0
2451	12
158	0
1078	6
251	2
8498	15
64	0
32	0
178	1
269	0
149	1
14	0
736	4
883	3
131	1
333	2
350	4
79	1
2796	6
47	0
72	0
225	0
556	0
199	1
717	5
131	1
74	0
700	1
776	4
163	0
519	3
215	0
2291	12
386	2
567	1
200	2
215	2
596	6
1052	1
102	0
1615	8
425	0
113	0
311	1
11	0
59	0
142	1
216	2
321	1
463	1
202	2
0	0
168	3
249	2
241	0
102	3
621	0
1114	6
161	1
235	2
120	0
70	0
52	1
66	0
1826	5
275	0
939	3
108	1
114	1
128	1
743	2
307	0
349	2
248	0
157	0
341	0
132	0
417	5
438	3
475	1
532	3
324	1
557	1
305	0
327	0
811	1
576	4
2286	16
286	21
2185	14
371	2
308	1
878	6
158	0
138	0
399	4
735	1
319	1
280	0
392	2
304	1
507	1
71	0
2379	5
51	0
999	12
235	0
470	1
443	5
126	0
68	1
98	0
134	1
152	2
416	1
86	0
360	3
23	0
937	3
1330	2
539	4
1383	4
114	0
161	0
1130	5
316	0
156	0
216	0
233	1
175	1
86	0
113	3
83	0
234	0
1017	7
272	1
466	3
91	2
906	8
964	3
458	3
527	1
42	0
300	0
46	0
166	0
163	1
102	0
26	0
2560	13
1541	10
2789	14
263	0
249	0
285	2
65	0
1434	8
4859	16
3295	13
276	2
127	0
253	0
1362	7
166	1
199	0
86	0
120	0
235	0
864	6
151	1
109	1
107	4
88	1
485	2
26	0
54	1
108	0
27	0
33	1
419	0
248	1
52	1
161	0
249	2
277	1
31	0
500	6
114	0
423	1
320	4
82	0
129	0
139	0
38	0
195	0
536	1
41	0
169	0
501	2
31	0
58	0
271	1
647	1
75	1
50	1
111	1
154	0
228	0
260	0
725	6
829	6
249	0
296	1
184	0
888	1
548	4
969	8
476	2
312	1
194	1
347	0
690	1
117	0
160	0
167	0
161	2
655	0
889	2
271	0
324	11
73	1
50	0
55	0
219	2
5	0
104	0
106	0
208	1
732	1
311	1
122	0
1587	5
224	1
499	5
512	2
247	1
145	1
323	0
123	2
593	5
444	1
442	4
93	2
242	2
167	2
553	4
2596	7
10	1134
52	1134
9733	290
1357	9
318	1
656	0
535	2
158	1
334	2
237	0
1026	2
421	2
183	2
117	1
60	0
456	3
562	1
185	0
215	2
173	1
1380	12
42	0
327	1
695	7
55	0
320	0
118	0
948	4
143	0
2	0
229	1
158	1
274	1
409	0
408	0
5978	31
1682	13
6957	21
125	0
365	2
1207	34242
81	0
161	1
630	4
375	0
412	1
78	0
169	1
120	0
780	6
1186	8
424	3
1490	6
2689	7
270	2
13	0
22	0
353	1
265	2
150	0
273	1
879	5
175	0
216	5
252	1
487	2
170	0
206	2
215	1
6115	93
187	1
619	2
149	1
271	0
105	1
109	0
121	1
603	4
212	0
1965	15
303	2
2120	17
340	1
77	2
111	0
29	0
409	3
138	1
160	2
51	0
143	1
361	3
2	0
5189	670
85	0
607	4
6341	37
155	2
522	1
59	0
995	4
369	2
314	3
387	1
106	1
137	1
3	0
105	0
573	5
499	2
923	1
376	0
209	2
139	0
153	0
3448	9
265	1
182	0
311	0
260	1
584	3
72	0
118	0
101	0
342	2
86	0
1608	5
134	2
367	0
188	1
597	4
83	0
98	2
193	1
1024	5
56	1
249	1
197	2
2033	7
1073	2
197	1
171	1
3960	11
43	0
1592	2
53	1
4	0
135	1
30	1
414	3
2542	8
749	1
29	0
39	0
204	0
342	1
141	0
215	1
389	0
453	2
233	4
127	0
2	0
33	0
414	3
626	4
347	2
479	4
194	0
497	0
101	0
794	2
19	0
5	0
93	0
755	2
14	0
1393	4
1	34
26	3058
41	0
0	18
577	2
1202	58
32	0
1	30850
40	0
487	1
1457	6
107	1
283	2
126	0
214	0
324	0
26202	108
2159	13
59	0
978	2
1185	8
240	0
641	3
5	0
286	0
189	0
82	0
412	1
419	1
562	1
886	6
427	2
209	0
1392	6
293	1
86	1
436	2
6592	21
4982	33
0	0
1	0
990	6
297	2
304	1
303	0
485	4
1107	6
412	4
243	0
154	0
64	0
798	2
589	2
261	1
8	52
0	0
834	7
3380	17
779	3
100	0
273	1
82	0
135	0
107	1
2148	125
59	0
168	1
225	0
283	0
296	0
314	0
303	1
264	0
372	2
89	0
3964	7213
973	7
2239	7
89	0
261	1
7	0
332	1
195	1
311	3
78	1
319	0
180	0
1888	10
123	0
190	1
792	4
153	0
313	4
330	0
44	0
641	0
136	0
762	3
397	0
129	0
10455	39
90	0
3194	6
706	0
332	0
114	0
260	1
761	1
474	3
157	1
471	4
391	2
421	2
48	0
201	1
1643	9
42	0
738	2
17727	72
102	1
167	2
222	0
97	1
43	0
289	1
331	2
134	0
424	1
162	0
1689	15052
137	2
1014	3
1	0
409	2
388	3
134	0
144	2
122	0
180	2
273	1
23	0
6096	530
1437	5
506	3
340	0
164	2
44	0
224	1
140	0
3884	15
32	0
260	1
161	3
309	0
333	6
193	4
182	1
78	0
715	2
3	0
443	2
5	0
760	2
440	0
809	0
108	0
30	0
156	0
305	1
78	0
77	0
260	0
6	0
32	0
62	1
1951	7
167	0
8056	34
497	2
246	1
0	3
0	52
91	0
694	1
170	0
320	0
247	1
902	5
397	2
1840	10
369	4
17	1
539	2
1097	3
8	0
345	3
293	0
374	1
95	0
370	4
1702	6
164	0
315	0
193	2
264	2
61	0
323	0
142	2
1255	7
178	0
58	1
108	0
505	2
51	0
3	0
378	0
266	3
263	0
8824	46
0	0
144	1
81	0
950	8
23	0
311	2
107	1
135	0
630	2
2917	13
473	4
66	0
129	1
12	0
32	0
33	0
677	1
6329	21
44	0
30809	36
44731	56
1440	4
33865	989
16	4
0	0
0	11
0	0
0	0
478	0
269	0
256	0
129	0
459	3
50	1
489	2
41	0
407	1
172	0
249	0
258	0
1214	7
113	1
22	0
665	5
167	2
1108	7
157	1
102	0
479	2
562	8
5511	28
145	2
114	1
90	1
194	5
762	1
213	0
5226	23
238	0
168	0
541	3
137	0
353	3
81	0
98	0
35	0
183	2
198	1
269	0
148	0
976	1
69	1
18	0
1672	8
991	1
366	2
122	0
156	0
36	0
6693	29
4994	12
129	3
136	0
237	0
8	0
11	0
249	1
78	1
246	1
382	3
176	2
37	1
119	0
204	3
374	3
522	4
189	1
299	1
530	0
739	1
268	0
2306	5074
2298	10
15	0
94	1
596	1
1364	8
130	1
359	1
349	1
5402	28
490	5
94	0
479	3
196	0
175	1
264	3
138	0
100	1
2811	11
122	0
194	0
1403	10
220	1
28	0
2	0
150	0
75	0
175	0
1116	7
252	0
5448	222
797	1
117	2
540	2
204	2
522	6
1414	18
372	4
19	0
49	0
970	4
84	0
408	4
40	0
484	3
46	1
207	2
990	8
412	0
287	382
245	0
169	0
145	0
506	1
73356	289
830	6
179	3
273	3
5860	29
52	0
325	0
473	0
13	0
44	0
3071	10
156	2
130	0
478	1
6181	21
688	3
3987	24
280	0
369	1
274	2
659	1
85	0
125	0
253	1
174	0
236	0
473	1
32	0
12085	46
354	1
988	5
115	0
4868	21
158	0
164	1
489	2
1592	10
613	0
1047	7
88	1
951	3
1015	1
51826	13269
370	0
68	0
436	3
312	0
282	2
699	3
336	3
819	5
37	0
786	3
61	1
4261	14
109	0
65	0
499	0
794	3
285	0
591	0
982	2
81	0
11	0
7125	34
121	2
218	0
190	1
987	7
294	4
102	0
147	2
160	0
1	0
8	0
191	1
1391	8
8	0
522	1
148	0
305	1
5141	20
154	0
12	0
194	0
201	0
100	0
7555	25
290	2
61	1
185	0
1129	1
227	3
59	1
10	0
51	0
351	0
197	1
294	0
663	2
7336	4699
334	1
38	1
187	1
255	0
13721	64
392	2
271	0
105	0
2787	12
115	1
672	3
99	2
564	1
228	2
0	0
343	2
174	0
432	2
217	4
170	0
2161	14
1192	3
457	1
2539	11
340	1
524	3
3724	9
510	7
278	24
0	0
0	0
0	18
0	20
13	60
0	3054
46	0
689	6
0	0
0	573
0	0
0	0
542	1
1184	8
69	0
204	1
424	3
100	0
1192	3
667	4
178	0
923	4
223	0
1326	10
192	0
106	0
283	0
113	0
163	3
168	0
3186	12
0	0
0	0
278	3
91	0
239	0
1152	2
1606	6
87	1
211	0
17	0
4	0
548	2
688	1
283	1
8	0
602	2
2	0
133	0
128	0
100	0
199	0
1071	2
245	0
7321	4267
248	0
411	0
844	6
920	9
67	0
71	0
61	0
209	1
449	1
209	1
196	2
152	1
97	2
133	0
819	4
82	0
160	0
80	2
152	0
164	0
849	5
2	0
89	0
1231	10
2357	9
579	2
275	2
97	2
203	0
270	1
222	0
236	1
8	0
209	0
90	0
240	1
167	2
188	0
182	0
170	0
233	2
642	1
148	1
84	2
676	2
38	0
61	0
189	1
159	0
85	2
60	1
52	0
1716	11
367	1
1705	7
190	0
0	0
0	0
311	1
250	1
417	1
60	0
463	2
952	3
877	2
500	0
571	2
65	0
123	0
348	0
547	1
3140	22
77	0
128	0
126	0
391	3
3085	10
42	0
1828	13122
162	0
640	1
144	4
345	2
20	0
611	5
177	0
46	0
848	1
129	1
420	1
80	0
322	2
110	0
312	3
1912	4
3098	12
3803	3
9	0
9	0
150	1
31	0
16	0
391	2
158	0
2846	4
394	1
3	0
496	5
167	0
123	0
731	1
374	0
5022	30
334	0
172	1
142	1
147	0
512	1
141	0
34	0
374	1
180	1
3600	10
5791	27
1149	122
401	1
213	0
138	0
249	2
459	1
780	0
4332	12
211	1
156	1
163	0
78	1
12	0
308	2
312	2
282	1
130	2
336	2
322	2
7	0
2	0
19	0
21	0
3	4
5	331
0	1294
505	1
1288	1
504	2
5602	15
586	5
276	1
1656	4
83	0
34539	13762
87	0
788	2
81	0
53	0
144	0
629	2
303	2
4654	25
445	1
84	0
60	0
30	0
321	1
498	1
0	0
0	2617
0	0
0	112
139	0
267	1
402	1
165	1
46	0
143	0
135	0
205	0
314	0
539	2
811	2
178	0
214	2
2682	6
278	2
4884	39
55	0
309	0
168	0
434	1
160	1
66	0
270	2
60	1
203	0
142	1
124	2
367	0
149	2
334	1
185	0
558	5
1396	5
870	0
177	0
80	1
313	1
240	3
4773	17
830	3
197	3
76	0
421	1
621	0
1220	4
876	8
14	1
184	0
158	0
148	0
264	2
138	0
219	0
467	0
224	2
385	0
383	0
488	1
192	0
4	0
2319	3
14	0
102	0
93	1
90	1
91	0
120	1
317	0
98	0
221	0
2535	6
2080	9
105	0
55	0
16	0
553	1
173	2
177	0
114	0
193	0
12	0
312	2
651	1
271	0
212	1
2	0
3151	14
122	1
20440	75
407	4
382	2
469	2
386	1
111	0
208	0
223	0
641	2
74	0
342	2
45	0
106	0
1832	13
196	0
1445	5
157	1
125	0
197	1
910	1
277	2
4393	5536
107	1
657	3
99	1
6183	38
313	0
167	1
0	0
70	2
629	92
8289	23612
0	1
0	20
0	5
174	731
389	1
115	1
259	0
215	0
7	0
115	0
134	0
1373	3
63	0
143	0
655	3
1060	6
135	0
241	0
250	1
2572	5
406	1
506	3
188	0
181	0
5949	6201
27	2
337	3
343	0
717	3
1174	12
505	0
120	3
60	0
668	4
191	1
446	1
103	0
1920	5
203	3
237	1
12	0
590	3
12204	626
2	0
1008	5
121	1
1551	8
317	1
93	28
143	30
182	0
184	1
74	1
22	0
474	3
106	0
171	1
101	2
79	1
28	55
2	2939
0	2576
212	2
879	2
557	2
5738	23
610	2
431	2
239	0
263	0
1493	10
38	0
57	0
0	0
0	0
224	0
155	0
129	1
525	4
228	0
349	2
427	1
80	0
355	2
442	2
79	0
434	3
307	0
1422	1
1224	5
11370	214
1	0
3	0
153	1
497	0
857	5
95	0
62	1
15	2
119	1
214	1
1537	4
436	0
606	4
4236	25
426	4
88	0
192	1
8953	31
228	1
153	0
464	0
214	0
2	0
9	0
211	1
5626	25
396	0
15981	52
183	0
3252	10
4566	24
243	2
354	2
483	0
320	1
196	0
189	1
206	0
13	0
472	0
255	0
174	0
758	1
16060	84
284	2
156	0
304	0
22	0
4	0
178	2
1267	2
616	1
171	0
305	0
88	0
241	1
1742	5
303	0
82	0
364	2
392	1
159	1
359	0
537	2
190	0
111	0
255	0
768	5
52	1
138	0
82	0
210	1
1027	6
275	1
57	0
535	3
29816	174
1049	4
651	4
263	1
175	3
288	0
127	0
110	0
204	1
72	0
19	0
168	4
155	4
51	0
1150	5
311	0
231	1
28	0
205	0
45469	214
124	1
220	0
49	0
463	1
189	0
90	1
562	2
255	0
175	1
124	1
203	0
111	0
236	1
28	0
9048	34
88	0
116	0
2633	6
48	1
0	0
0	0
0	0
261	0
32	0
70	0
261	1
17235	96
114	1
178	0
797	2
80	1
31	0
4271	13
131	0
243	2
184	2
1512	8
4014	9
176	0
453	0
147	0
3343	14
757	2
111	0
492	3
190	1
687	2
90	1
1687	7
127	0
396	0
613	3
1724	8
5585	34
228	2
155	0
196	0
327	3
126	1
12	0
474	1
250	2
896	6
316	1
155	0
70	0
233	1
82	0
148	1
278	1
485	4
26	0
250	2
327	0
701	2
1058	5
934	4
299	2
373	0
251	1
88	0
502	3
718	1
556	4
127	0
35	0
21820	51
182	2
130	1
141	1
310	0
84	0
410	1
1885	6
49	0
216	2
236	0
781	0
43415	195
440	1
37	0
290	1
291	1
1432	144
950	3
117	0
1562	5
156	2
6	83
164	83
175	0
1445	2
163	0
209	1
11	0
401	0
206	1
50	0
204	0
46	0
511	0
126	0
1375	4
349	0
486	2
33	0
104	0
57	0
537	0
233	2
508	0
2710	106
112	0
94	0
117	0
504	1
425	0
4006	23
454	0
141	1
133	0
167	0
2797	10
801	2
1967	14
3308	14
521	4
65	0
38	0
0	0
451	0
688	0
7	0
204	1
115	0
811	1
18	0
124	1
139	0
252	1
235	1
330	2
121	1
185	0
5382	21
54	0
34	0
312	0
6	0
792	3
356	3
1671	16
823	1
502	5
133	0
17784	57
5	0
2241	4
64	0
2850	11
95	1
52	0
679	7
656	4
460	3
435	2
110	1
270	0
3865	11
10577	40
62	0
563	3
7080	38
113	0
129	0
139	1
118	1
26	0
1566	23
160	0
284	0
369	1
351	0
2773	13
216	2
487	0
49	0
12	0
1227	4
533	1
116	0
252	2
163	1
1075	7
15	0
177	0
301	0
987	5
670	1
52	0
109	0
42	0
98	2
163	0
172	0
492	0
385	0
1062	4
682	0
501	0
99	0
219	2
3382	13
404	0
16	0
1025	5
532	5
27	0
284	3
4190	19
489	1
0	0
112	0
379	1
272	1
460	0
308	0
137	0
65	0
133	1
193	0
113	1
308	1
1003	1
403	0
121	0
6860	474
346	0
484	1
380	2
370	1
191	0
167	1
246	2
12091	47
256	1
121	0
0	0
21	0
1625	4
3207	13
1140	9
399	0
459	0
660	0
72	0
89	1
230	0
63	0
78	0
180	1
88	224
12	31
0	73
1	2832
538	6
226	1
80	0
412	1
155	0
214	1
553	2
3211	10
60	0
893	4
52	0
857	4
262	1
190	0
228	1
569	1
175	0
1072	4
251	0
153	1
131	0
895	5
278	1
4684	681
227	0
5964	40
135	0
5670	22
190	0
128	1
488	1
160	0
238	2
274	1
105	1
57	3
368	1
0	1889
109	1
40	0
302	1
0	565
376	0
11	0
1073	8
256	3
26	0
289	3
692	3
283	1
31	0
347	3
3699	298
234	1
584	2
384	3
77	0
209	0
297	1
11781	55
132	0
316	1
4	0
298	1
90	0
651	2
549	2
282	0
1085	5
4534	18
1201	4
864	4
164	0
153	0
470	0
237	0
288	0
459	3
502	0
91	0
913	7
550	1
47	0
340	0
388	1
613	2
1094	4
234	1
44	0
312	0
279	0
169	1
447	2
65	1
103	0
190	0
732	2
256	0
540	0
1651	12
164	1
99	0
175	1
608	0
410	2
164	1
222	1
313	1
679	4
462	2
503	3
48	0
162	1
217	2
404	5
71	4
866	8
666	2
1908	7
447	3
199	0
99	1
493	4
499	4
1	3185
473	2
147	0
48	0
291	0
372	1
2510	5
996	2
113	2
365	1
611	2
1698	6
158	0
647	2
2412	10
502	2
15	0
28	0
359	1
240	1
162	1
207	0
70	0
385	1
48	0
228	0
598	3
175	1
304	2
45	0
600	4
302	1
580	4
21	0
84	1
115	1
477	1
942	5
559	2
18	1
77	1
161	1
524	1
261	0
0	123
0	12
594	0
82	0
1511	5
0	199
0	0
60	2
21	0
466	4
127	0
62	0
1949	2
49	0
150	0
570	1
353	2
61	0
286	1
160	0
180	0
184	1
67	0
29	0
99	0
449	4
819	1
97	0
243	1
321	4
201	0
127	0
197	0
1011	6
977	2
60	0
1502	4
14	0
36	0
362	1
42	0
304	2
315	1
129	1
484	1
394	2
819	4
67	0
4	0
71	2
119	0
173	0
549	2
206	2
2	0
344	2
129	0
134	0
105	1
7	0
3337	9
485	1
166	1
109	0
88	0
213	2
47	0
197	1
14365	62
64	0
1	0
235	0
10005	31
191	162
347	3
288	0
1024	10
115	0
133	2
802	1
546	5
174	0
1753	8
66	0
0	0
180	1
182	2
145	0
96	1
32	0
168	1
138	1
9582	136
5588	31
108	1
46	0
2749	13
109	66
0	66
827	6
59	0
414	1
399	1
35	0
116	1
27	0
107	0
145	0
22	0
107	1
213	1
243	2
129	2
243	0
181	0
67	0
127	0
83	0
53	73
157	73
458	0
227	0
1437	3
13	1
4	0
237	1
367	2
414	0
105	1
137	0
121	1
81	2
766	5
108	1
223	3
5154	98
129	2
238	0
3024	13
126	1
95	1
268	1
190	0
1718	417
380	0
164	0
187	1
147	0
590	3
494	4
73	0
2003	8
842	5
58	0
5765	22
7	0
232	0
700	1
250	1
60	0
359	1
642	3
147	0
292	1
740	2
482	2
5468	18
198	0
281	1
445	3
308	7
159	0
154	0
112	0
101	0
489	3
249	0
93	1
2123	10
2654	24
236	2
83	0
172	1
157	0
1215	7
329	0
347	1
236	0
278	1
153	1
2175	10
5087	55
4112	14
97	0
72	0
3290	14
392	4
67	0
5	0
443	2
69	0
117	3
224	2
61	0
164	0
150	0
490	0
2478	4
280	1
52	0
131	1
283	2
222	2
2530	7
205	1
159	0
267	1
291	2
70	0
1379	8
231	1
105	1
232	1
486	1
703	4
226	1
21	0
19	0
140	0
157	1
139	0
65	0
581	4
112	0
161	0
183	3
113	0
2040	14
534	2
216	0
93	0
119	0
686	1
1061	8
1111	2
403	1
91	1
3016	10
369	1
166	1
423	339
212	0
1229	7
30	1
6830	34
1863	15
2597	12
378	4
421	2
154	0
338	1
509	1
92	0
128	0
183	0
210	1
6720	17
0	389
0	8
2	19
2	20
454	1
2220	7
171	0
923	3
493	3
164	1
858	6
236	1
34	0
1154	4
88	0
25	0
43	1
89	0
2132	9
2	8
0	0
66	0
308	2
383	5
405	1
59	1
99	0
225	0
314	1
243	1
2246	226
2757	35
260	0
0	0
6	8
291	3
290	3
825	3
181	2
365	0
85	0
327	1
137	0
388	1
260	1
78	0
209	1
304	0
310	2
328	1
158	1
199	1
337	1
245	0
575	3
364	1
179	0
510	2
2133	10
465	1
63	0
2067	9
360	1
690	4
4135	528
372	1
9156	80
105	0
1299	5
70	0
198	0
288	2
671	2
334	2
206	1
265	1
1803	10
336	1
189	3
113	2
152	0
435	1
674	2
19	0
1136	5
520	2
159	2
828	5
13	0
8	0
339	1
131	1
2891	15
158	0
783	1
299	0
130	1
421	0
223	4
330	3
1108	4
141	0
174	1
247	0
1258	11
1519	4
3604	9
671	2
94	1
170	0
68	0
810	2
392	2
1095	7
71	0
1110	3
678	2
1184	6
184	0
139	0
15	0
147	0
281	1
446	4
1172	3
91	1
692	1
1374	10
257	0
492	5
592	3
279	35
1554	10
321	0
100	0
4	0
7	0
243	1
130	1
313	1
378	2
227	1
351	3
1263	4
147	0
243	1
283	4
155	1
120	1
206	1
376	2
4024	1272
455	3
169	3
77	0
426	1
285	3
178	3
422	1
130	1
91	1
1016	3
495	2
285	1
13213	53
948	3
363	0
719	1
239	1
144	14
1380	7
39	0
274	1
1347	7
1433	6
220	0
744	1
122	0
16	0
19	0
0	0
659	3
620	0
90	0
502	3
5	0
19	0
372	1
563	5
821	3
10947	10785
0	0
25	0
343	1
154	0
34	0
280	0
466	2
135	0
160	3
462	5
3546	11
607	0
101	1
81	0
214	1
214	1
432	7
609	0
78	0
647	1
377	1
222	0
141	0
305	0
5	0
579	2
969	5
237	3
488	3
87	2
796	8
2128	8
70	0
383	4
1837	10
1590	3
117	0
104	0
372	1
271	0
303	1
825	3
771	1
537	3
190	2
405	0
73	1
105	1
229	1
243	0
381	2
269	1
169	2
592	1
2098	10
1	0
16	0
421	0
338	1
113	1
46	0
138	2
370	4
99	0
176	2
844	5
520	3
102	0
305	0
304	0
163	0
1172	2
333	1
289	2
356	2
207	1
370	3
185	1
265	2
128	0
238	7
523	1
301	1
129	1
1546	1194
5956	412
90	1
127	4
211	2
672	7
1844	4
95	1
96	0
146	0
227	1
833	5
59	0
357	1
124	0
241	1
2	0
173	2
236	4
603	0
207	1
98	0
180	1
1479	4
21	0
318	2
501	0
1753	118
69	8858
37	1026
107	434
0	5
14	824
0	3176
752	3
7	1
452	1
51	0
337	0
80	1
210	0
82	0
81	0
222	2
327	1
589	2
41	2
398	1
1906	7
936	2
778	3
377	3
156	3
1267	5
100	0
222	0
288	0
408	1
288	2
408	1
440	1
442	0
333	0
169	1
201	0
246	2
538	2
275	1
143	1
335	1
541	1
104	0
105	0
738	1
624	4
131	2
305	1
190	0
108	2
189	1
5653	32
1277	2
455	2
1521	11
407	1
554	1
20	0
58	0
70	1
274	1
1723	11
321	0
2	0
71	0
1	0
205	88
80	1
412	2
21	0
37	0
12	0
22	0
15	1
34	38
166	3
199	3
130	0
774	3
122	1
606	1
211	0
487	1
160	0
93	1
88	0
520	3
247	2
275	0
152	1
438	1
74	0
241	3
91	0
185	1
1030	6
579	4
1100	5
544	1
188	1
7	0
122	1
91	0
707	5
93	0
102	0
1546	5
249	0
79	0
135	5
183	0
685	3
639	3
4464	25
6137	39
1220	3
117	0
94	0
127	0
338	0
11	0
13	0
609	0
617	5
355	1
20	0
86	0
127	1
11011	58
220	2
556	2
337	1
1029	5
473	4
1198	4
456	1
183	0
826	4
66	0
285	0
148	0
689	1
97	0
269	2
67	0
196	2
174	0
162	0
389	1
1591	5
160	2
395	3
208	0
279	1
61	0
28	0
2512	343
244	1
237	1
139	0
237	0
142	0
676	3
401	3
188	1
74	0
135	0
1694	11
734	2
273	1
129	0
159	0
518	1
0	0
253	0
60	2
74	0
2118	6
122	0
288	2
397	1
124	0
12	0
564	1
75	0
51	1
313	0
10697	1238
4080	389
506	1
1491	3
489	1
424	0
130	1
9684	30
289	1
317	2
707	3
11	0
20	0
172	1
154	1
1138	4
216	1
202	3
2799	11
310	0
126	0
424	1
363	3
480	1
983	1
80	0
174	1
259	0
392	2
452	0
13	0
7006	20
1333	43
2	4
8	45
81	0
4881	1
4	28
0	0
0	0
0	0
0	57
978	5
531	3
53	0
574	1
123	0
397	3
1537	5
860	4
6961	27
3815	17
1159	2
169	1
676	2
183	0
163	1
121	0
38	0
586	2
486	1
76	1
236	2
255	1
215	0
1030	2
39	0
182	0
314	0
253	0
428	3
212	0
147	1
144	0
243	2
463	0
105	1
371	1
935	3
169	0
188	0
1141	4
545	2
712	3
17	1
1907	4
164	1
230	1
964	3
320	0
379	2
286	2
108	0
855	2
99	0
22442	84
62	0
132	0
330	0
386	2
0	0
308	1
209	1
13608	124
136	0
205	1
181	1
173	1
33	2
657	7
178	2
178	0
412	6
121	0
184	0
568	3
699	3
207	1
425	0
350	3
615	2
511	2
328	0
108	1
719	2
6721	35
62	0
729	4
709	2
6	0
427	1
356	1
81	17
168	0
244	1
1077	2
323	1
160	0
194	1
284	1
175	0
38	0
314	0
844	3
807	0
311	0
557	3
112	1
1425	6
763	3
208	2
154	0
99	0
476	1
4006	16
115	0
139	0
229	1
186	1
255	34234
6	0
1038	0
142	2
306	1
255	0
340	2
420	1
1027	2
125	0
1439	4
291	1
150	1
163	0
207	0
1424	9
44	0
2574	12
234	1
194	3
81	1
594	2
289	1
108	0
469	1
83	0
129	0
120	1
346	1
633	3
306	1
3394	15
2157	10
340	3
185	1
28	0
189	2
616	2
328	3
42	0
21	0
97	0
63	0
133	0
2432	94
0	0
2311	8
62	0
5	0
737	1
427	2
138	1
38	0
294	1
6548	91
61	0
375	1
202	0
487	0
406	0
1834	8
363	0
373	1
1491	7
251	1
2258	5
901	4
78	1
2031	7
515	2
393	3
1402	5
96	0
12	0
113	0
302	2
453	2
277	1
200	2
570	2
292	1
100	0
887	3
389	2
310	0
68	1
515	2
3281	17
239	3
920	3
372	1
2187	14
270	0
226	1
191	0
985	4
534	1
20	0
1140	4
199	1
116	0
543	3
2917	12
163	1
177	1
361	2
499	4
256	1
1339	8
2	0
307	1
159	0
44	0
992	4
984	5
1003	1
258	1
248	1
176	0
119	0
481	1
0	0
131	0
4328	7
1162	7
1051	6
122	1
287	2
204	0
983	2
121	0
107	0
141	0
387	0
615	1
44	0
252	1
223	0
301	2
94	0
84	1
433	1
334	1
62	1
5198	23
815	5
113	0
266	1
167	0
46	0
325	2
94	0
49	2
1720	10
96	1
518	0
263	0
2488	11
364	2
167	0
4550	17
312	2
7258	78
44	0
776	6
260	2
180	0
157	1
394	1
204	1
508	3
831	5
156	0
1167	4
420	1
108	0
238	1
308	3
2330	13
252	3
2395	10
164	0
388	0
108	0
31	0
1020	7
3119	12
858	4
1461	8
159	2
62	1
59	0
69	0
168	0
0	0
111	3
237	2
410	2
1234	4
23	0
152	3
40	0
555	3
609	2
2682	12
590	4
196	1
6	0
134	0
100	3
11308	56
1316	5
160	2
350	1
158	0
176	1
10231	51
238	2
8	0
85	0
56	1
62	0
73	0
6	0
186	2
123	0
19446	1022
21	0
204	257
63	231
7	20
16	19
50	9
194	1
104	0
50	0
649	4
86	0
206	2
153	1
227	3
869	4
572	3
247	0
2265	16
306	3
70	1
77	0
420	5
7	0
60	0
252	0
205	0
0	0
428	0
477	0
75	0
431	1
5	0
1658	10
146	0
562	1
325	1
864	4
9	0
82	0
116	18
2672	12
108	0
123	1
177	0
117	0
236	1
1568	3
383	1
54	0
94	0
1596	9
1080	4
998	2
147	0
237	3
941	6
21	0
164	2
7	0
417	2
1546	7
187	1
99	0
7611	30
1031	2
295	1
120	0
336	1
37	0
130	0
142	0
191	0
108	2
45	0
325	1
942	3
68	0
50	1
629	3
4857	29
2138	127
483	0
142	1
398	1
350	0
660	1
190	2
627	3
357	2
1924	11683
1099	2
178	0
6167	32
1879	11
686	1
312	6
224	1
307	3
161	0
328	1
578	3
301	1
254	3
2283	5
11831	57
167	1
97	1
79	0
424	3
167	1
1045	9
14	0
687	1
491	3
2428	12
827	5
57	1
223	3
0	0
350	1
82	1
77	2
714	2
3210	10
727	3
370	0
1238	6
57	0
29823	121
301	3
311	2
158	0
1263	7
862	4
303	3
618	3
358	1
530	3
8784	40
220	2
2885	5
2005	9
163	0
133	2
247	1
507	1
413	1
171	0
255	0
1691	11
451	1
239	2
473	3
669	4
1153	2
4865	29
390	2
215	1
673	5
154	0
32	0
23	0
272	1
147	0
1423	4
433	6
103	0
235	1
511	0
443	1
445	2
558	2
612	3
945	7
2182	11
486	1
1011	5
2391	8
862	4
67	0
24444	121
316	0
285	3
811	5
92	0
26	1
733	3
179	1
992	5
265	0
2036	7198
1190	7
3	0
39	0
729	3
303	1
2579	8
717	2
1891	9
446	2
64	0
2479	3
1559	8
2545	19
328	0
5301	21
662	5
241	1
2333	10
1967	14
172	0
1472	15046
1287	5
286	1
34	0
445	0
1237	7
7209	16
639	2
616	5
242	1
26	0
3679	16
1003	5
202	3
1449	4
1537	4
249	0
4506	15
1470	7
718	70
118	1
1021	5
2819	6
1010	7
720	4
1125	5
256	1
55	2
334	2
828	3
420	3
205	1
991	4
181	0
505	0
28	1
7421	40
714	3
1197	2
1540	9
1512	6
123	0
6469	29
1633	5
130	0
496	4
341	4
653	3
275	3
924	3
2186	401
1763	13
279	160
16	98
3	231
0	20
9	0
56	0
120	1
654	3
74	0
81	0
2	0
687	4
621	1
2951	9
70	0
412	3
72	1
1846	6
101	1
176	0
431	1
152	1
209	0
276	2
342	0
514	3
223	2
91	1
0	0
1309	7
513	1
62	0
142	0
202	2
2348	10
696	2
18144	90
2373	13
149	1
156	0
2686	11
187	1
4505	17
139	2
44	1
114	0
479	6
119	0
225	3
447	154
3	0
240	0
214	0
228	1
220	1
384	1
13	0
492	2
466	3
362	2
45	0
110	1
119	0
1215	10
370	1
129	2
651	5
221	1
4713	21
451	0
20	0
234	1
8918	117324
161	0
101	0
131	1
161	1
188	0
362	3
797	3
453	4
190	2
70	0
71	0
271	0
2	0
302	0
79	0
144	2
151	1
2550	5085
614	2
352	0
299	3
100	1
103	0
577	1
156	1
1612	11
155	1
982	5
1043	3
595	2
264	1
21	0
232	2
517	2
301	1
131	0
20198	90
444	2
228	2
419	2
154	0
234	1
601	0
128	1
7005	223
747	7
68	1
169	1
1085	3
630	6
377	1
128	1
115	0
833	1
841	1
6428	28
341	1
867	3
1345	4
6	0
103	2
21	0
198	0
104	1
435	381
125	0
70	0
740	4
57	2
310	2
199	2
4438	23
254	1
1516	6
114	0
233	4
130	2
1101	9
312	2
105	1
894	2
108	1
128	2
188	1
138	0
259	2
163	0
1795	11
80	2
676	2
63	1
160	0
164	1
1568	2
87	0
404	3
692	2
245	0
4	0
4	0
80	1
198	6
269	0
147	0
11	0
13	0
3	171
0	57
0	2336
0	1321
1315	5
120	0
0	0
151	0
112	0
194	2
247	1
852	4
2491	13
11210	448
125	0
1	0
745	3
536	0
144	1
0	149
5	0
55	30
56	0
55	0
15	1
4	0
291	1
47	0
206	0
62	27
392	3
99	0
69	1
651	5
130	1
8	0
61	0
836	1
175	1
366	0
119	0
0	4043
198	27591
0	0
0	0
173	0
0	0
0	1655
0	0
0	122
0	4416
16	29504
0	3691
27	28848
0	0
0	1900
0	4444
0	0
0	499
0	558
0	0
0	117
0	3753
0	0
0	0
0	1889
0	4414
0	0
0	4304
146	32266
0	0
0	0
0	11
6	122
0	0
1	8791
0	3874
1	30033
0	0
0	619
0	3650
53	27089
0	573
0	5996
0	0
0	88
0	0
0	4444
0	0
0	7354
0	0
665	3
371	1
67	0
135	0
212	0
206	0
1	0
894	5
34	0
142	3
427	4
16	0
83	0
63	0
101	0
1	1
20	0
0	0
68	0
0	0
0	0
76	0
89	1
81	0
3	0
5	0
548	2
0	0
68	0
41	0
0	0
44	0
238	2
1	0
24	0
34	0
107	0
60	0
81	2
138	1
55	1
8	35
65	0
2237	12
46	1
352	0
42	0
186	0
55	0
73	1
83	1
21	0
617	4
0	0
19	0
123	5
35	0
37	0
258	3
95	0
0	0
185	2
0	0
63	1
21	1
0	0
0	0
5	0
0	0
1	0
0	0
2	0
0	0
4	0
0	0
4	0
0	0
1	0
0	0
0	0
14	0
1	0
0	0
0	0
0	0
0	122
4	0
0	0
0	0
2	0
0	0
0	0
6	0
8	2
0	0
0	0
1	0
0	0
8	0
2	0
0	0
0	0
0	0
0	0
0	0
0	0
2	0
0	0
0	0
1	0
0	4
15	2
0	0
49	1
1	0
0	0
0	0
1	0
2	0
36	0
2	7
4	0
0	0
5	0
2	0
0	0
0	0
0	0
1	0
1	0
2	0
0	0
1	0
0	0
0	0
1	0
193	1
5	0
0	0
0	0
0	0
4	0
0	0
0	0
2	0
0	0
0	0
4341	16
13	1
0	0
1	0
0	0
264	0
0	0
7	0
0	0
15	0
1	0
1	0
11	0
0	0
1341	63
13	0
152	0
0	0
0	0
66	0
0	0
11	6
158	0
0	0
2	0
0	0
0	1
33	0
1	0
4	0
1	0
0	0
0	0
8	0
0	0
10	0
0	16
0	0
10	0
22	0
42	2
23	0
7	0
35	0
213	0
25	0
1	0
13	0
60	1
7	0
0	0
182	11
5	0
35	0
28	0
41	0
0	0
74	1
1	0
1	0
37	0
172	1
0	0
1	0
60	1
18	0
291	0
9	0
1	3
19	0
0	0
0	0
0	0
0	10
0	0
5	1
342	8
1	0
1	0
25	13
1	0
0	35
5	17
6	5430
0	0
0	0
0	0
78	15
2	0
2	0
21	0
1	0
0	0
0	0
1	0
23	19
1	0
2	0
0	0
1	0
0	0
10	0
0	0
0	0
119	0
0	0
0	0
0	0
0	0
9	0
4	0
2	0
0	0
2	0
1	0
2	0
0	0
1	0
1	0
0	0
0	21
1	0
1	0
28	6
6	0
6	1
155	1
1	0
1	0
1	0
17	1
0	0
0	0
0	0
2	0
0	0
8	0
0	0
1	0
18	0
22	0
0	0
1	0
1	0
0	0
0	1
3	0
1	0
4	0
1	0
42	0
3	0
1	0
0	0
0	0
127	1
0	0
8	0
0	0
0	0
47	2
1	0
0	0
0	0
0	0
2	0
0	0
1	0
0	0
1	0
0	0
193	152
0	0
3	0
0	0
0	0
5	0
0	0
15	0
5	0
4	0
3	0
0	0
4	0
3433	10980
1	0
9	4
0	0
20	0
0	0
0	0
8	0
0	3
0	0
0	1
0	0
1	0
31	3
0	0
0	0
179	1
741	3
3	0
56	1
2	0
4	0
24	0
2	0
1	0
8	0
0	0
3	0
0	0
8	0
2	0
85	11
70	1
3	0
81	1
0	0
18	0
0	0
2	0
22	0
548	55
12	0
6	21
31	0
5	0
15	0
0	0
0	4
0	4
828	198
1	0
0	0
3	0
70	10
2	0
6	0
3	0
13	0
2	0
5	0
1	0
0	0
4	0
0	0
6	0
5	0
75	0
0	0
1	0
321	88977
0	19
0	57087
0	24
0	58
0	56
0	31442
0	292
2	19
0	19
3	0
12	0
17	0
104	5
5	0
4	0
0	0
6	2
3	0
12	0
14	1
3	1
2	0
3	1
4	1
21	5
9	0
41	0
2	0
113	1
13	0
63	0
7	1
1	0
13	0
16	0
2	0
1	0
0	0
5	0
4	0
5	0
5	0
34	3
10	0
35	0
2	0
5	1
132	4
3	0
33	2
16	2
2	0
89	56
109	0
3	0
201	5
153	2
